{"cameraMode":{"drawMode":0,"name":"Shaded","section":"Shading Mode"},"sceneLighting":true,"audioPlay":false,"sceneViewState":{"showFog":true,"showMaterialUpdate":false,"showSkybox":true,"showFlares":true,"showImageEffects":true,"showParticleSystems":true},"in2DMode":false,"pivot":{"x":1030.46142578125,"y":-232.2161102294922,"z":470.6102294921875},"rotation":{"x":-0.08464499562978745,"y":-0.5353864431381226,"z":0.05404975637793541,"w":-0.8386397957801819},"size":604.4654541015625,"orthographic":false}